-- Seed script: тестовые данные для разработки
-- Пароль для всех барберов: password123

\c staff_db

-- ── Барберы ───────────────────────────────────────────────────────────────────

INSERT INTO barbers (id, name, login, password_hash) VALUES
  ('11111111-1111-1111-1111-111111111111', 'Артём Волков',  'artem',  '$2a$04$izYDHmkQIgebbOWzMKX49OjKPa1rb5Qx/px.p7xluJs7/8weJkLOG'),
  ('22222222-2222-2222-2222-222222222222', 'Максим Орлов',  'maksim', '$2a$04$izYDHmkQIgebbOWzMKX49OjKPa1rb5Qx/px.p7xluJs7/8weJkLOG')
ON CONFLICT (login) DO NOTHING;

-- ── Услуги Артёма ─────────────────────────────────────────────────────────────

INSERT INTO services (id, barber_id, name, price, duration_minutes) VALUES
  ('aaaa0001-0000-0000-0000-000000000001', '11111111-1111-1111-1111-111111111111', 'Стрижка',            1200, 45),
  ('aaaa0002-0000-0000-0000-000000000002', '11111111-1111-1111-1111-111111111111', 'Стрижка + борода',   1800, 60),
  ('aaaa0003-0000-0000-0000-000000000003', '11111111-1111-1111-1111-111111111111', 'Борода',              800, 30),
  ('aaaa0004-0000-0000-0000-000000000004', '11111111-1111-1111-1111-111111111111', 'Детская стрижка',     900, 30)
ON CONFLICT (id) DO NOTHING;

-- ── Услуги Максима ────────────────────────────────────────────────────────────

INSERT INTO services (id, barber_id, name, price, duration_minutes) VALUES
  ('bbbb0001-0000-0000-0000-000000000001', '22222222-2222-2222-2222-222222222222', 'Стрижка',            1100, 45),
  ('bbbb0002-0000-0000-0000-000000000002', '22222222-2222-2222-2222-222222222222', 'Камуфляж седины',    1500, 45),
  ('bbbb0003-0000-0000-0000-000000000003', '22222222-2222-2222-2222-222222222222', 'Королевское бритьё', 1000, 30)
ON CONFLICT (id) DO NOTHING;

-- ── Расписание (текущая неделя) ───────────────────────────────────────────────

INSERT INTO schedule (barber_id, date, start_time, end_time, part_of_day) VALUES
  ('11111111-1111-1111-1111-111111111111', CURRENT_DATE,     '09:00', '18:00', 'am'),
  ('11111111-1111-1111-1111-111111111111', CURRENT_DATE + 1, '09:00', '18:00', 'am'),
  ('11111111-1111-1111-1111-111111111111', CURRENT_DATE + 2, '12:00', '20:00', 'pm'),
  ('22222222-2222-2222-2222-222222222222', CURRENT_DATE,     '10:00', '19:00', 'am'),
  ('22222222-2222-2222-2222-222222222222', CURRENT_DATE + 1, '10:00', '19:00', 'pm'),
  ('22222222-2222-2222-2222-222222222222', CURRENT_DATE + 3, '09:00', '17:00', 'am')
ON CONFLICT (barber_id, date) DO NOTHING;

-- ── Клиенты ───────────────────────────────────────────────────────────────────

\c client_db

INSERT INTO clients (barber_id, phone, name, notes, visits_count) VALUES
  ('11111111-1111-1111-1111-111111111111', '+79161234567', 'Алексей Смирнов',  'Постоянный клиент',    5),
  ('11111111-1111-1111-1111-111111111111', '+79169876543', 'Дмитрий Козлов',   'Аллергия на лак',      3),
  ('11111111-1111-1111-1111-111111111111', '+79165551234', 'Иван Новиков',     '',                     1),
  ('22222222-2222-2222-2222-222222222222', '+79161234567', 'Алексей Смирнов',  '',                     2),
  ('22222222-2222-2222-2222-222222222222', '+79167778899', 'Сергей Петров',    'Предпочитает короткие', 4)
ON CONFLICT (barber_id, phone) DO NOTHING;

-- ── Записи ────────────────────────────────────────────────────────────────────

\c booking_db

INSERT INTO bookings (barber_id, service_id, service_name, price, client_name, client_phone, date, time_start, time_end, status) VALUES
  ('11111111-1111-1111-1111-111111111111', 'aaaa0001-0000-0000-0000-000000000001', 'Стрижка',          1200, 'Алексей Смирнов', '+79161234567', CURRENT_DATE, CURRENT_DATE + TIME '10:00', CURRENT_DATE + TIME '10:45', 'pending'),
  ('11111111-1111-1111-1111-111111111111', 'aaaa0002-0000-0000-0000-000000000002', 'Стрижка + борода', 1800, 'Дмитрий Козлов',  '+79169876543', CURRENT_DATE, CURRENT_DATE + TIME '11:00', CURRENT_DATE + TIME '12:00', 'pending'),
  ('11111111-1111-1111-1111-111111111111', 'aaaa0003-0000-0000-0000-000000000003', 'Борода',            800, 'Иван Новиков',    '+79165551234', CURRENT_DATE, CURRENT_DATE + TIME '14:00', CURRENT_DATE + TIME '14:30', 'pending'),
  ('22222222-2222-2222-2222-222222222222', 'bbbb0001-0000-0000-0000-000000000001', 'Стрижка',          1100, 'Алексей Смирнов', '+79161234567', CURRENT_DATE, CURRENT_DATE + TIME '10:00', CURRENT_DATE + TIME '10:45', 'pending'),
  ('22222222-2222-2222-2222-222222222222', 'bbbb0003-0000-0000-0000-000000000003', 'Королевское бритьё',1000,'Сергей Петров',   '+79167778899', CURRENT_DATE, CURRENT_DATE + TIME '12:00', CURRENT_DATE + TIME '12:30', 'completed')
ON CONFLICT DO NOTHING;
